GEO.id,Id
GEO.id2,Id2
GEO.display-label,Geography
HC01_EST_VC02,Number; Estimate; HOUSEHOLDS BY TYPE - Total households
HC01_MOE_VC02,Number; Margin of Error; HOUSEHOLDS BY TYPE - Total households
HC02_EST_VC02,Percent; Estimate; HOUSEHOLDS BY TYPE - Total households
HC02_MOE_VC02,Percent; Margin of Error; HOUSEHOLDS BY TYPE - Total households
HC01_EST_VC03,Number; Estimate; HOUSEHOLDS BY TYPE - Total households - Family households (families)
HC01_MOE_VC03,Number; Margin of Error; HOUSEHOLDS BY TYPE - Total households - Family households (families)
HC02_EST_VC03,Percent; Estimate; HOUSEHOLDS BY TYPE - Total households - Family households (families)
HC02_MOE_VC03,Percent; Margin of Error; HOUSEHOLDS BY TYPE - Total households - Family households (families)
HC01_EST_VC04,Number; Estimate; HOUSEHOLDS BY TYPE - Total households - Family households (families) - With own children under 18 years
HC01_MOE_VC04,Number; Margin of Error; HOUSEHOLDS BY TYPE - Total households - Family households (families) - With own children under 18 years
HC02_EST_VC04,Percent; Estimate; HOUSEHOLDS BY TYPE - Total households - Family households (families) - With own children under 18 years
HC02_MOE_VC04,Percent; Margin of Error; HOUSEHOLDS BY TYPE - Total households - Family households (families) - With own children under 18 years
HC01_EST_VC05,Number; Estimate; HOUSEHOLDS BY TYPE - Total households - Married-couple family
HC01_MOE_VC05,Number; Margin of Error; HOUSEHOLDS BY TYPE - Total households - Married-couple family
HC02_EST_VC05,Percent; Estimate; HOUSEHOLDS BY TYPE - Total households - Married-couple family
HC02_MOE_VC05,Percent; Margin of Error; HOUSEHOLDS BY TYPE - Total households - Married-couple family
HC01_EST_VC06,Number; Estimate; HOUSEHOLDS BY TYPE - Total households - Married-couple family - With own children under 18 years
HC01_MOE_VC06,Number; Margin of Error; HOUSEHOLDS BY TYPE - Total households - Married-couple family - With own children under 18 years
HC02_EST_VC06,Percent; Estimate; HOUSEHOLDS BY TYPE - Total households - Married-couple family - With own children under 18 years
HC02_MOE_VC06,Percent; Margin of Error; HOUSEHOLDS BY TYPE - Total households - Married-couple family - With own children under 18 years
HC01_EST_VC07,"Number; Estimate; HOUSEHOLDS BY TYPE - Total households - Male householder, no wife present, family"
HC01_MOE_VC07,"Number; Margin of Error; HOUSEHOLDS BY TYPE - Total households - Male householder, no wife present, family"
HC02_EST_VC07,"Percent; Estimate; HOUSEHOLDS BY TYPE - Total households - Male householder, no wife present, family"
HC02_MOE_VC07,"Percent; Margin of Error; HOUSEHOLDS BY TYPE - Total households - Male householder, no wife present, family"
HC01_EST_VC08,"Number; Estimate; HOUSEHOLDS BY TYPE - Total households - Male householder, no wife present, family - With own children under 18 years"
HC01_MOE_VC08,"Number; Margin of Error; HOUSEHOLDS BY TYPE - Total households - Male householder, no wife present, family - With own children under 18 years"
HC02_EST_VC08,"Percent; Estimate; HOUSEHOLDS BY TYPE - Total households - Male householder, no wife present, family - With own children under 18 years"
HC02_MOE_VC08,"Percent; Margin of Error; HOUSEHOLDS BY TYPE - Total households - Male householder, no wife present, family - With own children under 18 years"
HC01_EST_VC09,"Number; Estimate; HOUSEHOLDS BY TYPE - Total households - Female householder, no husband present, family"
HC01_MOE_VC09,"Number; Margin of Error; HOUSEHOLDS BY TYPE - Total households - Female householder, no husband present, family"
HC02_EST_VC09,"Percent; Estimate; HOUSEHOLDS BY TYPE - Total households - Female householder, no husband present, family"
HC02_MOE_VC09,"Percent; Margin of Error; HOUSEHOLDS BY TYPE - Total households - Female householder, no husband present, family"
HC01_EST_VC10,"Number; Estimate; HOUSEHOLDS BY TYPE - Total households - Female householder, no husband present, family - With own children under 18 years"
HC01_MOE_VC10,"Number; Margin of Error; HOUSEHOLDS BY TYPE - Total households - Female householder, no husband present, family - With own children under 18 years"
HC02_EST_VC10,"Percent; Estimate; HOUSEHOLDS BY TYPE - Total households - Female householder, no husband present, family - With own children under 18 years"
HC02_MOE_VC10,"Percent; Margin of Error; HOUSEHOLDS BY TYPE - Total households - Female householder, no husband present, family - With own children under 18 years"
HC01_EST_VC11,Number; Estimate; HOUSEHOLDS BY TYPE - Total households - Nonfamily households
HC01_MOE_VC11,Number; Margin of Error; HOUSEHOLDS BY TYPE - Total households - Nonfamily households
HC02_EST_VC11,Percent; Estimate; HOUSEHOLDS BY TYPE - Total households - Nonfamily households
HC02_MOE_VC11,Percent; Margin of Error; HOUSEHOLDS BY TYPE - Total households - Nonfamily households
HC01_EST_VC12,Number; Estimate; HOUSEHOLDS BY TYPE - Total households - Nonfamily households - Householder living alone
HC01_MOE_VC12,Number; Margin of Error; HOUSEHOLDS BY TYPE - Total households - Nonfamily households - Householder living alone
HC02_EST_VC12,Percent; Estimate; HOUSEHOLDS BY TYPE - Total households - Nonfamily households - Householder living alone
HC02_MOE_VC12,Percent; Margin of Error; HOUSEHOLDS BY TYPE - Total households - Nonfamily households - Householder living alone
HC01_EST_VC13,Number; Estimate; HOUSEHOLDS BY TYPE - Total households - Nonfamily households - Householder living alone - 65 years and over
HC01_MOE_VC13,Number; Margin of Error; HOUSEHOLDS BY TYPE - Total households - Nonfamily households - Householder living alone - 65 years and over
HC02_EST_VC13,Percent; Estimate; HOUSEHOLDS BY TYPE - Total households - Nonfamily households - Householder living alone - 65 years and over
HC02_MOE_VC13,Percent; Margin of Error; HOUSEHOLDS BY TYPE - Total households - Nonfamily households - Householder living alone - 65 years and over
HC01_EST_VC14,Number; Estimate; HOUSEHOLDS BY TYPE - Total households - Households with one or more people under 18 years
HC01_MOE_VC14,Number; Margin of Error; HOUSEHOLDS BY TYPE - Total households - Households with one or more people under 18 years
HC02_EST_VC14,Percent; Estimate; HOUSEHOLDS BY TYPE - Total households - Households with one or more people under 18 years
HC02_MOE_VC14,Percent; Margin of Error; HOUSEHOLDS BY TYPE - Total households - Households with one or more people under 18 years
HC01_EST_VC15,Number; Estimate; HOUSEHOLDS BY TYPE - Total households - Households with one or more people 65 years and over
HC01_MOE_VC15,Number; Margin of Error; HOUSEHOLDS BY TYPE - Total households - Households with one or more people 65 years and over
HC02_EST_VC15,Percent; Estimate; HOUSEHOLDS BY TYPE - Total households - Households with one or more people 65 years and over
HC02_MOE_VC15,Percent; Margin of Error; HOUSEHOLDS BY TYPE - Total households - Households with one or more people 65 years and over
HC01_EST_VC16,Number; Estimate; HOUSEHOLDS BY TYPE - Total households - Average household size
HC01_MOE_VC16,Number; Margin of Error; HOUSEHOLDS BY TYPE - Total households - Average household size
HC02_EST_VC16,Percent; Estimate; HOUSEHOLDS BY TYPE - Total households - Average household size
HC02_MOE_VC16,Percent; Margin of Error; HOUSEHOLDS BY TYPE - Total households - Average household size
HC01_EST_VC17,Number; Estimate; HOUSEHOLDS BY TYPE - Total households - Average family size
HC01_MOE_VC17,Number; Margin of Error; HOUSEHOLDS BY TYPE - Total households - Average family size
HC02_EST_VC17,Percent; Estimate; HOUSEHOLDS BY TYPE - Total households - Average family size
HC02_MOE_VC17,Percent; Margin of Error; HOUSEHOLDS BY TYPE - Total households - Average family size
HC01_EST_VC19,Number; Estimate; RELATIONSHIP - Population in households
HC01_MOE_VC19,Number; Margin of Error; RELATIONSHIP - Population in households
HC02_EST_VC19,Percent; Estimate; RELATIONSHIP - Population in households
HC02_MOE_VC19,Percent; Margin of Error; RELATIONSHIP - Population in households
HC01_EST_VC20,Number; Estimate; RELATIONSHIP - Population in households - Householder
HC01_MOE_VC20,Number; Margin of Error; RELATIONSHIP - Population in households - Householder
HC02_EST_VC20,Percent; Estimate; RELATIONSHIP - Population in households - Householder
HC02_MOE_VC20,Percent; Margin of Error; RELATIONSHIP - Population in households - Householder
HC01_EST_VC21,Number; Estimate; RELATIONSHIP - Population in households - Spouse
HC01_MOE_VC21,Number; Margin of Error; RELATIONSHIP - Population in households - Spouse
HC02_EST_VC21,Percent; Estimate; RELATIONSHIP - Population in households - Spouse
HC02_MOE_VC21,Percent; Margin of Error; RELATIONSHIP - Population in households - Spouse
HC01_EST_VC22,Number; Estimate; RELATIONSHIP - Population in households - Child
HC01_MOE_VC22,Number; Margin of Error; RELATIONSHIP - Population in households - Child
HC02_EST_VC22,Percent; Estimate; RELATIONSHIP - Population in households - Child
HC02_MOE_VC22,Percent; Margin of Error; RELATIONSHIP - Population in households - Child
HC01_EST_VC23,Number; Estimate; RELATIONSHIP - Population in households - Other relatives
HC01_MOE_VC23,Number; Margin of Error; RELATIONSHIP - Population in households - Other relatives
HC02_EST_VC23,Percent; Estimate; RELATIONSHIP - Population in households - Other relatives
HC02_MOE_VC23,Percent; Margin of Error; RELATIONSHIP - Population in households - Other relatives
HC01_EST_VC24,Number; Estimate; RELATIONSHIP - Population in households - Nonrelatives
HC01_MOE_VC24,Number; Margin of Error; RELATIONSHIP - Population in households - Nonrelatives
HC02_EST_VC24,Percent; Estimate; RELATIONSHIP - Population in households - Nonrelatives
HC02_MOE_VC24,Percent; Margin of Error; RELATIONSHIP - Population in households - Nonrelatives
HC01_EST_VC25,Number; Estimate; RELATIONSHIP - Population in households - Nonrelatives - Unmarried partner
HC01_MOE_VC25,Number; Margin of Error; RELATIONSHIP - Population in households - Nonrelatives - Unmarried partner
HC02_EST_VC25,Percent; Estimate; RELATIONSHIP - Population in households - Nonrelatives - Unmarried partner
HC02_MOE_VC25,Percent; Margin of Error; RELATIONSHIP - Population in households - Nonrelatives - Unmarried partner
HC01_EST_VC27,Number; Estimate; MARITAL STATUS - Males 15 years and over
HC01_MOE_VC27,Number; Margin of Error; MARITAL STATUS - Males 15 years and over
HC02_EST_VC27,Percent; Estimate; MARITAL STATUS - Males 15 years and over
HC02_MOE_VC27,Percent; Margin of Error; MARITAL STATUS - Males 15 years and over
HC01_EST_VC28,Number; Estimate; MARITAL STATUS - Males 15 years and over - Never married
HC01_MOE_VC28,Number; Margin of Error; MARITAL STATUS - Males 15 years and over - Never married
HC02_EST_VC28,Percent; Estimate; MARITAL STATUS - Males 15 years and over - Never married
HC02_MOE_VC28,Percent; Margin of Error; MARITAL STATUS - Males 15 years and over - Never married
HC01_EST_VC29,"Number; Estimate; MARITAL STATUS - Males 15 years and over - Now married, except separated"
HC01_MOE_VC29,"Number; Margin of Error; MARITAL STATUS - Males 15 years and over - Now married, except separated"
HC02_EST_VC29,"Percent; Estimate; MARITAL STATUS - Males 15 years and over - Now married, except separated"
HC02_MOE_VC29,"Percent; Margin of Error; MARITAL STATUS - Males 15 years and over - Now married, except separated"
HC01_EST_VC30,Number; Estimate; MARITAL STATUS - Males 15 years and over - Separated
HC01_MOE_VC30,Number; Margin of Error; MARITAL STATUS - Males 15 years and over - Separated
HC02_EST_VC30,Percent; Estimate; MARITAL STATUS - Males 15 years and over - Separated
HC02_MOE_VC30,Percent; Margin of Error; MARITAL STATUS - Males 15 years and over - Separated
HC01_EST_VC31,Number; Estimate; MARITAL STATUS - Males 15 years and over - Widowed
HC01_MOE_VC31,Number; Margin of Error; MARITAL STATUS - Males 15 years and over - Widowed
HC02_EST_VC31,Percent; Estimate; MARITAL STATUS - Males 15 years and over - Widowed
HC02_MOE_VC31,Percent; Margin of Error; MARITAL STATUS - Males 15 years and over - Widowed
HC01_EST_VC32,Number; Estimate; MARITAL STATUS - Males 15 years and over - Divorced
HC01_MOE_VC32,Number; Margin of Error; MARITAL STATUS - Males 15 years and over - Divorced
HC02_EST_VC32,Percent; Estimate; MARITAL STATUS - Males 15 years and over - Divorced
HC02_MOE_VC32,Percent; Margin of Error; MARITAL STATUS - Males 15 years and over - Divorced
HC01_EST_VC33,Number; Estimate; MARITAL STATUS - Females 15 years and over
HC01_MOE_VC33,Number; Margin of Error; MARITAL STATUS - Females 15 years and over
HC02_EST_VC33,Percent; Estimate; MARITAL STATUS - Females 15 years and over
HC02_MOE_VC33,Percent; Margin of Error; MARITAL STATUS - Females 15 years and over
HC01_EST_VC34,Number; Estimate; MARITAL STATUS - Females 15 years and over - Never married
HC01_MOE_VC34,Number; Margin of Error; MARITAL STATUS - Females 15 years and over - Never married
HC02_EST_VC34,Percent; Estimate; MARITAL STATUS - Females 15 years and over - Never married
HC02_MOE_VC34,Percent; Margin of Error; MARITAL STATUS - Females 15 years and over - Never married
HC01_EST_VC35,"Number; Estimate; MARITAL STATUS - Females 15 years and over - Now married, except separated"
HC01_MOE_VC35,"Number; Margin of Error; MARITAL STATUS - Females 15 years and over - Now married, except separated"
HC02_EST_VC35,"Percent; Estimate; MARITAL STATUS - Females 15 years and over - Now married, except separated"
HC02_MOE_VC35,"Percent; Margin of Error; MARITAL STATUS - Females 15 years and over - Now married, except separated"
HC01_EST_VC36,Number; Estimate; MARITAL STATUS - Females 15 years and over - Separated
HC01_MOE_VC36,Number; Margin of Error; MARITAL STATUS - Females 15 years and over - Separated
HC02_EST_VC36,Percent; Estimate; MARITAL STATUS - Females 15 years and over - Separated
HC02_MOE_VC36,Percent; Margin of Error; MARITAL STATUS - Females 15 years and over - Separated
HC01_EST_VC37,Number; Estimate; MARITAL STATUS - Females 15 years and over - Widowed
HC01_MOE_VC37,Number; Margin of Error; MARITAL STATUS - Females 15 years and over - Widowed
HC02_EST_VC37,Percent; Estimate; MARITAL STATUS - Females 15 years and over - Widowed
HC02_MOE_VC37,Percent; Margin of Error; MARITAL STATUS - Females 15 years and over - Widowed
HC01_EST_VC38,Number; Estimate; MARITAL STATUS - Females 15 years and over - Divorced
HC01_MOE_VC38,Number; Margin of Error; MARITAL STATUS - Females 15 years and over - Divorced
HC02_EST_VC38,Percent; Estimate; MARITAL STATUS - Females 15 years and over - Divorced
HC02_MOE_VC38,Percent; Margin of Error; MARITAL STATUS - Females 15 years and over - Divorced
HC01_EST_VC40,Number; Estimate; FERTILITY - Number of women 15 to 50 years old who had a birth in the past 12 months
HC01_MOE_VC40,Number; Margin of Error; FERTILITY - Number of women 15 to 50 years old who had a birth in the past 12 months
HC02_EST_VC40,Percent; Estimate; FERTILITY - Number of women 15 to 50 years old who had a birth in the past 12 months
HC02_MOE_VC40,Percent; Margin of Error; FERTILITY - Number of women 15 to 50 years old who had a birth in the past 12 months
HC01_EST_VC41,"Number; Estimate; FERTILITY - Number of women 15 to 50 years old who had a birth in the past 12 months - Unmarried women (widowed, divorced, and never married)"
HC01_MOE_VC41,"Number; Margin of Error; FERTILITY - Number of women 15 to 50 years old who had a birth in the past 12 months - Unmarried women (widowed, divorced, and never married)"
HC02_EST_VC41,"Percent; Estimate; FERTILITY - Number of women 15 to 50 years old who had a birth in the past 12 months - Unmarried women (widowed, divorced, and never married)"
HC02_MOE_VC41,"Percent; Margin of Error; FERTILITY - Number of women 15 to 50 years old who had a birth in the past 12 months - Unmarried women (widowed, divorced, and never married)"
HC01_EST_VC42,"Number; Estimate; FERTILITY - Number of women 15 to 50 years old who had a birth in the past 12 months - Unmarried women (widowed, divorced, and never married) - Per 1,000 unmarried women"
HC01_MOE_VC42,"Number; Margin of Error; FERTILITY - Number of women 15 to 50 years old who had a birth in the past 12 months - Unmarried women (widowed, divorced, and never married) - Per 1,000 unmarried women"
HC02_EST_VC42,"Percent; Estimate; FERTILITY - Number of women 15 to 50 years old who had a birth in the past 12 months - Unmarried women (widowed, divorced, and never married) - Per 1,000 unmarried women"
HC02_MOE_VC42,"Percent; Margin of Error; FERTILITY - Number of women 15 to 50 years old who had a birth in the past 12 months - Unmarried women (widowed, divorced, and never married) - Per 1,000 unmarried women"
HC01_EST_VC43,"Number; Estimate; FERTILITY - Number of women 15 to 50 years old who had a birth in the past 12 months - Per 1,000 women 15 to 50 years old"
HC01_MOE_VC43,"Number; Margin of Error; FERTILITY - Number of women 15 to 50 years old who had a birth in the past 12 months - Per 1,000 women 15 to 50 years old"
HC02_EST_VC43,"Percent; Estimate; FERTILITY - Number of women 15 to 50 years old who had a birth in the past 12 months - Per 1,000 women 15 to 50 years old"
HC02_MOE_VC43,"Percent; Margin of Error; FERTILITY - Number of women 15 to 50 years old who had a birth in the past 12 months - Per 1,000 women 15 to 50 years old"
HC01_EST_VC44,"Number; Estimate; FERTILITY - Number of women 15 to 50 years old who had a birth in the past 12 months - Per 1,000 women 15 to 19 years old"
HC01_MOE_VC44,"Number; Margin of Error; FERTILITY - Number of women 15 to 50 years old who had a birth in the past 12 months - Per 1,000 women 15 to 19 years old"
HC02_EST_VC44,"Percent; Estimate; FERTILITY - Number of women 15 to 50 years old who had a birth in the past 12 months - Per 1,000 women 15 to 19 years old"
HC02_MOE_VC44,"Percent; Margin of Error; FERTILITY - Number of women 15 to 50 years old who had a birth in the past 12 months - Per 1,000 women 15 to 19 years old"
HC01_EST_VC45,"Number; Estimate; FERTILITY - Number of women 15 to 50 years old who had a birth in the past 12 months - Per 1,000 women 20 to 34 years old"
HC01_MOE_VC45,"Number; Margin of Error; FERTILITY - Number of women 15 to 50 years old who had a birth in the past 12 months - Per 1,000 women 20 to 34 years old"
HC02_EST_VC45,"Percent; Estimate; FERTILITY - Number of women 15 to 50 years old who had a birth in the past 12 months - Per 1,000 women 20 to 34 years old"
HC02_MOE_VC45,"Percent; Margin of Error; FERTILITY - Number of women 15 to 50 years old who had a birth in the past 12 months - Per 1,000 women 20 to 34 years old"
HC01_EST_VC46,"Number; Estimate; FERTILITY - Number of women 15 to 50 years old who had a birth in the past 12 months - Per 1,000 women 35 to 50 years old"
HC01_MOE_VC46,"Number; Margin of Error; FERTILITY - Number of women 15 to 50 years old who had a birth in the past 12 months - Per 1,000 women 35 to 50 years old"
HC02_EST_VC46,"Percent; Estimate; FERTILITY - Number of women 15 to 50 years old who had a birth in the past 12 months - Per 1,000 women 35 to 50 years old"
HC02_MOE_VC46,"Percent; Margin of Error; FERTILITY - Number of women 15 to 50 years old who had a birth in the past 12 months - Per 1,000 women 35 to 50 years old"
HC01_EST_VC48,Number; Estimate; GRANDPARENTS - Number of grandparents living with own grandchildren under 18 years
HC01_MOE_VC48,Number; Margin of Error; GRANDPARENTS - Number of grandparents living with own grandchildren under 18 years
HC02_EST_VC48,Percent; Estimate; GRANDPARENTS - Number of grandparents living with own grandchildren under 18 years
HC02_MOE_VC48,Percent; Margin of Error; GRANDPARENTS - Number of grandparents living with own grandchildren under 18 years
HC01_EST_VC49,Number; Estimate; GRANDPARENTS - Number of grandparents living with own grandchildren under 18 years - Responsible for grandchildren
HC01_MOE_VC49,Number; Margin of Error; GRANDPARENTS - Number of grandparents living with own grandchildren under 18 years - Responsible for grandchildren
HC02_EST_VC49,Percent; Estimate; GRANDPARENTS - Number of grandparents living with own grandchildren under 18 years - Responsible for grandchildren
HC02_MOE_VC49,Percent; Margin of Error; GRANDPARENTS - Number of grandparents living with own grandchildren under 18 years - Responsible for grandchildren
HC01_EST_VC51,Number; Estimate; GRANDPARENTS - Number of grandparents living with own grandchildren under 18 years - Years responsible for grandchildren - Less than 1 year
HC01_MOE_VC51,Number; Margin of Error; GRANDPARENTS - Number of grandparents living with own grandchildren under 18 years - Years responsible for grandchildren - Less than 1 year
HC02_EST_VC51,Percent; Estimate; GRANDPARENTS - Number of grandparents living with own grandchildren under 18 years - Years responsible for grandchildren - Less than 1 year
HC02_MOE_VC51,Percent; Margin of Error; GRANDPARENTS - Number of grandparents living with own grandchildren under 18 years - Years responsible for grandchildren - Less than 1 year
HC01_EST_VC52,Number; Estimate; GRANDPARENTS - Number of grandparents living with own grandchildren under 18 years - Years responsible for grandchildren - 1 or 2 years
HC01_MOE_VC52,Number; Margin of Error; GRANDPARENTS - Number of grandparents living with own grandchildren under 18 years - Years responsible for grandchildren - 1 or 2 years
HC02_EST_VC52,Percent; Estimate; GRANDPARENTS - Number of grandparents living with own grandchildren under 18 years - Years responsible for grandchildren - 1 or 2 years
HC02_MOE_VC52,Percent; Margin of Error; GRANDPARENTS - Number of grandparents living with own grandchildren under 18 years - Years responsible for grandchildren - 1 or 2 years
HC01_EST_VC53,Number; Estimate; GRANDPARENTS - Number of grandparents living with own grandchildren under 18 years - Years responsible for grandchildren - 3 or 4 years
HC01_MOE_VC53,Number; Margin of Error; GRANDPARENTS - Number of grandparents living with own grandchildren under 18 years - Years responsible for grandchildren - 3 or 4 years
HC02_EST_VC53,Percent; Estimate; GRANDPARENTS - Number of grandparents living with own grandchildren under 18 years - Years responsible for grandchildren - 3 or 4 years
HC02_MOE_VC53,Percent; Margin of Error; GRANDPARENTS - Number of grandparents living with own grandchildren under 18 years - Years responsible for grandchildren - 3 or 4 years
HC01_EST_VC54,Number; Estimate; GRANDPARENTS - Number of grandparents living with own grandchildren under 18 years - Years responsible for grandchildren - 5 or more years
HC01_MOE_VC54,Number; Margin of Error; GRANDPARENTS - Number of grandparents living with own grandchildren under 18 years - Years responsible for grandchildren - 5 or more years
HC02_EST_VC54,Percent; Estimate; GRANDPARENTS - Number of grandparents living with own grandchildren under 18 years - Years responsible for grandchildren - 5 or more years
HC02_MOE_VC54,Percent; Margin of Error; GRANDPARENTS - Number of grandparents living with own grandchildren under 18 years - Years responsible for grandchildren - 5 or more years
HC01_EST_VC55,Number; Estimate; GRANDPARENTS - Number of grandparents responsible for own grandchildren under 18 years
HC01_MOE_VC55,Number; Margin of Error; GRANDPARENTS - Number of grandparents responsible for own grandchildren under 18 years
HC02_EST_VC55,Percent; Estimate; GRANDPARENTS - Number of grandparents responsible for own grandchildren under 18 years
HC02_MOE_VC55,Percent; Margin of Error; GRANDPARENTS - Number of grandparents responsible for own grandchildren under 18 years
HC01_EST_VC56,Number; Estimate; GRANDPARENTS - Number of grandparents responsible for own grandchildren under 18 years - Who are female
HC01_MOE_VC56,Number; Margin of Error; GRANDPARENTS - Number of grandparents responsible for own grandchildren under 18 years - Who are female
HC02_EST_VC56,Percent; Estimate; GRANDPARENTS - Number of grandparents responsible for own grandchildren under 18 years - Who are female
HC02_MOE_VC56,Percent; Margin of Error; GRANDPARENTS - Number of grandparents responsible for own grandchildren under 18 years - Who are female
HC01_EST_VC57,Number; Estimate; GRANDPARENTS - Number of grandparents responsible for own grandchildren under 18 years - Who are married
HC01_MOE_VC57,Number; Margin of Error; GRANDPARENTS - Number of grandparents responsible for own grandchildren under 18 years - Who are married
HC02_EST_VC57,Percent; Estimate; GRANDPARENTS - Number of grandparents responsible for own grandchildren under 18 years - Who are married
HC02_MOE_VC57,Percent; Margin of Error; GRANDPARENTS - Number of grandparents responsible for own grandchildren under 18 years - Who are married
HC01_EST_VC59,Number; Estimate; SCHOOL ENROLLMENT - Population 3 years and over enrolled in school
HC01_MOE_VC59,Number; Margin of Error; SCHOOL ENROLLMENT - Population 3 years and over enrolled in school
HC02_EST_VC59,Percent; Estimate; SCHOOL ENROLLMENT - Population 3 years and over enrolled in school
HC02_MOE_VC59,Percent; Margin of Error; SCHOOL ENROLLMENT - Population 3 years and over enrolled in school
HC01_EST_VC60,"Number; Estimate; SCHOOL ENROLLMENT - Population 3 years and over enrolled in school - Nursery school, preschool"
HC01_MOE_VC60,"Number; Margin of Error; SCHOOL ENROLLMENT - Population 3 years and over enrolled in school - Nursery school, preschool"
HC02_EST_VC60,"Percent; Estimate; SCHOOL ENROLLMENT - Population 3 years and over enrolled in school - Nursery school, preschool"
HC02_MOE_VC60,"Percent; Margin of Error; SCHOOL ENROLLMENT - Population 3 years and over enrolled in school - Nursery school, preschool"
HC01_EST_VC61,Number; Estimate; SCHOOL ENROLLMENT - Population 3 years and over enrolled in school - Kindergarten
HC01_MOE_VC61,Number; Margin of Error; SCHOOL ENROLLMENT - Population 3 years and over enrolled in school - Kindergarten
HC02_EST_VC61,Percent; Estimate; SCHOOL ENROLLMENT - Population 3 years and over enrolled in school - Kindergarten
HC02_MOE_VC61,Percent; Margin of Error; SCHOOL ENROLLMENT - Population 3 years and over enrolled in school - Kindergarten
HC01_EST_VC62,Number; Estimate; SCHOOL ENROLLMENT - Population 3 years and over enrolled in school - Elementary school (grades 1-8)
HC01_MOE_VC62,Number; Margin of Error; SCHOOL ENROLLMENT - Population 3 years and over enrolled in school - Elementary school (grades 1-8)
HC02_EST_VC62,Percent; Estimate; SCHOOL ENROLLMENT - Population 3 years and over enrolled in school - Elementary school (grades 1-8)
HC02_MOE_VC62,Percent; Margin of Error; SCHOOL ENROLLMENT - Population 3 years and over enrolled in school - Elementary school (grades 1-8)
HC01_EST_VC63,Number; Estimate; SCHOOL ENROLLMENT - Population 3 years and over enrolled in school - High school (grades 9-12)
HC01_MOE_VC63,Number; Margin of Error; SCHOOL ENROLLMENT - Population 3 years and over enrolled in school - High school (grades 9-12)
HC02_EST_VC63,Percent; Estimate; SCHOOL ENROLLMENT - Population 3 years and over enrolled in school - High school (grades 9-12)
HC02_MOE_VC63,Percent; Margin of Error; SCHOOL ENROLLMENT - Population 3 years and over enrolled in school - High school (grades 9-12)
HC01_EST_VC64,Number; Estimate; SCHOOL ENROLLMENT - Population 3 years and over enrolled in school - College or graduate school
HC01_MOE_VC64,Number; Margin of Error; SCHOOL ENROLLMENT - Population 3 years and over enrolled in school - College or graduate school
HC02_EST_VC64,Percent; Estimate; SCHOOL ENROLLMENT - Population 3 years and over enrolled in school - College or graduate school
HC02_MOE_VC64,Percent; Margin of Error; SCHOOL ENROLLMENT - Population 3 years and over enrolled in school - College or graduate school
HC01_EST_VC66,Number; Estimate; EDUCATIONAL ATTAINMENT - Population 25 years and over
HC01_MOE_VC66,Number; Margin of Error; EDUCATIONAL ATTAINMENT - Population 25 years and over
HC02_EST_VC66,Percent; Estimate; EDUCATIONAL ATTAINMENT - Population 25 years and over
HC02_MOE_VC66,Percent; Margin of Error; EDUCATIONAL ATTAINMENT - Population 25 years and over
HC01_EST_VC67,Number; Estimate; EDUCATIONAL ATTAINMENT - Population 25 years and over - Less than 9th grade
HC01_MOE_VC67,Number; Margin of Error; EDUCATIONAL ATTAINMENT - Population 25 years and over - Less than 9th grade
HC02_EST_VC67,Percent; Estimate; EDUCATIONAL ATTAINMENT - Population 25 years and over - Less than 9th grade
HC02_MOE_VC67,Percent; Margin of Error; EDUCATIONAL ATTAINMENT - Population 25 years and over - Less than 9th grade
HC01_EST_VC68,"Number; Estimate; EDUCATIONAL ATTAINMENT - Population 25 years and over - 9th to 12th grade, no diploma"
HC01_MOE_VC68,"Number; Margin of Error; EDUCATIONAL ATTAINMENT - Population 25 years and over - 9th to 12th grade, no diploma"
HC02_EST_VC68,"Percent; Estimate; EDUCATIONAL ATTAINMENT - Population 25 years and over - 9th to 12th grade, no diploma"
HC02_MOE_VC68,"Percent; Margin of Error; EDUCATIONAL ATTAINMENT - Population 25 years and over - 9th to 12th grade, no diploma"
HC01_EST_VC69,Number; Estimate; EDUCATIONAL ATTAINMENT - Population 25 years and over - High school graduate (includes equivalency)
HC01_MOE_VC69,Number; Margin of Error; EDUCATIONAL ATTAINMENT - Population 25 years and over - High school graduate (includes equivalency)
HC02_EST_VC69,Percent; Estimate; EDUCATIONAL ATTAINMENT - Population 25 years and over - High school graduate (includes equivalency)
HC02_MOE_VC69,Percent; Margin of Error; EDUCATIONAL ATTAINMENT - Population 25 years and over - High school graduate (includes equivalency)
HC01_EST_VC70,"Number; Estimate; EDUCATIONAL ATTAINMENT - Population 25 years and over - Some college, no degree"
HC01_MOE_VC70,"Number; Margin of Error; EDUCATIONAL ATTAINMENT - Population 25 years and over - Some college, no degree"
HC02_EST_VC70,"Percent; Estimate; EDUCATIONAL ATTAINMENT - Population 25 years and over - Some college, no degree"
HC02_MOE_VC70,"Percent; Margin of Error; EDUCATIONAL ATTAINMENT - Population 25 years and over - Some college, no degree"
HC01_EST_VC71,Number; Estimate; EDUCATIONAL ATTAINMENT - Population 25 years and over - Associate's degree
HC01_MOE_VC71,Number; Margin of Error; EDUCATIONAL ATTAINMENT - Population 25 years and over - Associate's degree
HC02_EST_VC71,Percent; Estimate; EDUCATIONAL ATTAINMENT - Population 25 years and over - Associate's degree
HC02_MOE_VC71,Percent; Margin of Error; EDUCATIONAL ATTAINMENT - Population 25 years and over - Associate's degree
HC01_EST_VC72,Number; Estimate; EDUCATIONAL ATTAINMENT - Population 25 years and over - Bachelor's degree
HC01_MOE_VC72,Number; Margin of Error; EDUCATIONAL ATTAINMENT - Population 25 years and over - Bachelor's degree
HC02_EST_VC72,Percent; Estimate; EDUCATIONAL ATTAINMENT - Population 25 years and over - Bachelor's degree
HC02_MOE_VC72,Percent; Margin of Error; EDUCATIONAL ATTAINMENT - Population 25 years and over - Bachelor's degree
HC01_EST_VC73,Number; Estimate; EDUCATIONAL ATTAINMENT - Population 25 years and over - Graduate or professional degree
HC01_MOE_VC73,Number; Margin of Error; EDUCATIONAL ATTAINMENT - Population 25 years and over - Graduate or professional degree
HC02_EST_VC73,Percent; Estimate; EDUCATIONAL ATTAINMENT - Population 25 years and over - Graduate or professional degree
HC02_MOE_VC73,Percent; Margin of Error; EDUCATIONAL ATTAINMENT - Population 25 years and over - Graduate or professional degree
HC01_EST_VC74,Number; Estimate; EDUCATIONAL ATTAINMENT - Population 25 years and over - Percent high school graduate or higher
HC01_MOE_VC74,Number; Margin of Error; EDUCATIONAL ATTAINMENT - Population 25 years and over - Percent high school graduate or higher
HC02_EST_VC74,Percent; Estimate; EDUCATIONAL ATTAINMENT - Population 25 years and over - Percent high school graduate or higher
HC02_MOE_VC74,Percent; Margin of Error; EDUCATIONAL ATTAINMENT - Population 25 years and over - Percent high school graduate or higher
HC01_EST_VC75,Number; Estimate; EDUCATIONAL ATTAINMENT - Population 25 years and over - Percent bachelor's degree or higher
HC01_MOE_VC75,Number; Margin of Error; EDUCATIONAL ATTAINMENT - Population 25 years and over - Percent bachelor's degree or higher
HC02_EST_VC75,Percent; Estimate; EDUCATIONAL ATTAINMENT - Population 25 years and over - Percent bachelor's degree or higher
HC02_MOE_VC75,Percent; Margin of Error; EDUCATIONAL ATTAINMENT - Population 25 years and over - Percent bachelor's degree or higher
HC01_EST_VC77,Number; Estimate; VETERAN STATUS - Civilian population 18 years and over
HC01_MOE_VC77,Number; Margin of Error; VETERAN STATUS - Civilian population 18 years and over
HC02_EST_VC77,Percent; Estimate; VETERAN STATUS - Civilian population 18 years and over
HC02_MOE_VC77,Percent; Margin of Error; VETERAN STATUS - Civilian population 18 years and over
HC01_EST_VC78,Number; Estimate; VETERAN STATUS - Civilian population 18 years and over - Civilian veterans
HC01_MOE_VC78,Number; Margin of Error; VETERAN STATUS - Civilian population 18 years and over - Civilian veterans
HC02_EST_VC78,Percent; Estimate; VETERAN STATUS - Civilian population 18 years and over - Civilian veterans
HC02_MOE_VC78,Percent; Margin of Error; VETERAN STATUS - Civilian population 18 years and over - Civilian veterans
HC01_EST_VC80,Number; Estimate; DISABILITY STATUS OF THE CIVILIAN NONINSTITUTIONALIZED POPULATION - Total Civilian Noninstitutionalized Population
HC01_MOE_VC80,Number; Margin of Error; DISABILITY STATUS OF THE CIVILIAN NONINSTITUTIONALIZED POPULATION - Total Civilian Noninstitutionalized Population
HC02_EST_VC80,Percent; Estimate; DISABILITY STATUS OF THE CIVILIAN NONINSTITUTIONALIZED POPULATION - Total Civilian Noninstitutionalized Population
HC02_MOE_VC80,Percent; Margin of Error; DISABILITY STATUS OF THE CIVILIAN NONINSTITUTIONALIZED POPULATION - Total Civilian Noninstitutionalized Population
HC01_EST_VC81,Number; Estimate; DISABILITY STATUS OF THE CIVILIAN NONINSTITUTIONALIZED POPULATION - Total Civilian Noninstitutionalized Population - With a disability
HC01_MOE_VC81,Number; Margin of Error; DISABILITY STATUS OF THE CIVILIAN NONINSTITUTIONALIZED POPULATION - Total Civilian Noninstitutionalized Population - With a disability
HC02_EST_VC81,Percent; Estimate; DISABILITY STATUS OF THE CIVILIAN NONINSTITUTIONALIZED POPULATION - Total Civilian Noninstitutionalized Population - With a disability
HC02_MOE_VC81,Percent; Margin of Error; DISABILITY STATUS OF THE CIVILIAN NONINSTITUTIONALIZED POPULATION - Total Civilian Noninstitutionalized Population - With a disability
HC01_EST_VC82,Number; Estimate; DISABILITY STATUS OF THE CIVILIAN NONINSTITUTIONALIZED POPULATION - Under 18 years
HC01_MOE_VC82,Number; Margin of Error; DISABILITY STATUS OF THE CIVILIAN NONINSTITUTIONALIZED POPULATION - Under 18 years
HC02_EST_VC82,Percent; Estimate; DISABILITY STATUS OF THE CIVILIAN NONINSTITUTIONALIZED POPULATION - Under 18 years
HC02_MOE_VC82,Percent; Margin of Error; DISABILITY STATUS OF THE CIVILIAN NONINSTITUTIONALIZED POPULATION - Under 18 years
HC01_EST_VC83,Number; Estimate; DISABILITY STATUS OF THE CIVILIAN NONINSTITUTIONALIZED POPULATION - Under 18 years - With a disability
HC01_MOE_VC83,Number; Margin of Error; DISABILITY STATUS OF THE CIVILIAN NONINSTITUTIONALIZED POPULATION - Under 18 years - With a disability
HC02_EST_VC83,Percent; Estimate; DISABILITY STATUS OF THE CIVILIAN NONINSTITUTIONALIZED POPULATION - Under 18 years - With a disability
HC02_MOE_VC83,Percent; Margin of Error; DISABILITY STATUS OF THE CIVILIAN NONINSTITUTIONALIZED POPULATION - Under 18 years - With a disability
HC01_EST_VC84,Number; Estimate; DISABILITY STATUS OF THE CIVILIAN NONINSTITUTIONALIZED POPULATION - 18 to 64 years
HC01_MOE_VC84,Number; Margin of Error; DISABILITY STATUS OF THE CIVILIAN NONINSTITUTIONALIZED POPULATION - 18 to 64 years
HC02_EST_VC84,Percent; Estimate; DISABILITY STATUS OF THE CIVILIAN NONINSTITUTIONALIZED POPULATION - 18 to 64 years
HC02_MOE_VC84,Percent; Margin of Error; DISABILITY STATUS OF THE CIVILIAN NONINSTITUTIONALIZED POPULATION - 18 to 64 years
HC01_EST_VC85,Number; Estimate; DISABILITY STATUS OF THE CIVILIAN NONINSTITUTIONALIZED POPULATION - 18 to 64 years - With a disability
HC01_MOE_VC85,Number; Margin of Error; DISABILITY STATUS OF THE CIVILIAN NONINSTITUTIONALIZED POPULATION - 18 to 64 years - With a disability
HC02_EST_VC85,Percent; Estimate; DISABILITY STATUS OF THE CIVILIAN NONINSTITUTIONALIZED POPULATION - 18 to 64 years - With a disability
HC02_MOE_VC85,Percent; Margin of Error; DISABILITY STATUS OF THE CIVILIAN NONINSTITUTIONALIZED POPULATION - 18 to 64 years - With a disability
HC01_EST_VC86,Number; Estimate; DISABILITY STATUS OF THE CIVILIAN NONINSTITUTIONALIZED POPULATION - 65 years and over
HC01_MOE_VC86,Number; Margin of Error; DISABILITY STATUS OF THE CIVILIAN NONINSTITUTIONALIZED POPULATION - 65 years and over
HC02_EST_VC86,Percent; Estimate; DISABILITY STATUS OF THE CIVILIAN NONINSTITUTIONALIZED POPULATION - 65 years and over
HC02_MOE_VC86,Percent; Margin of Error; DISABILITY STATUS OF THE CIVILIAN NONINSTITUTIONALIZED POPULATION - 65 years and over
HC01_EST_VC87,Number; Estimate; DISABILITY STATUS OF THE CIVILIAN NONINSTITUTIONALIZED POPULATION - 65 years and over - With a disability
HC01_MOE_VC87,Number; Margin of Error; DISABILITY STATUS OF THE CIVILIAN NONINSTITUTIONALIZED POPULATION - 65 years and over - With a disability
HC02_EST_VC87,Percent; Estimate; DISABILITY STATUS OF THE CIVILIAN NONINSTITUTIONALIZED POPULATION - 65 years and over - With a disability
HC02_MOE_VC87,Percent; Margin of Error; DISABILITY STATUS OF THE CIVILIAN NONINSTITUTIONALIZED POPULATION - 65 years and over - With a disability
HC01_EST_VC89,Number; Estimate; RESIDENCE 1 YEAR AGO - Population 1 year and over
HC01_MOE_VC89,Number; Margin of Error; RESIDENCE 1 YEAR AGO - Population 1 year and over
HC02_EST_VC89,Percent; Estimate; RESIDENCE 1 YEAR AGO - Population 1 year and over
HC02_MOE_VC89,Percent; Margin of Error; RESIDENCE 1 YEAR AGO - Population 1 year and over
HC01_EST_VC90,Number; Estimate; RESIDENCE 1 YEAR AGO - Population 1 year and over - Same house
HC01_MOE_VC90,Number; Margin of Error; RESIDENCE 1 YEAR AGO - Population 1 year and over - Same house
HC02_EST_VC90,Percent; Estimate; RESIDENCE 1 YEAR AGO - Population 1 year and over - Same house
HC02_MOE_VC90,Percent; Margin of Error; RESIDENCE 1 YEAR AGO - Population 1 year and over - Same house
HC01_EST_VC91,Number; Estimate; RESIDENCE 1 YEAR AGO - Population 1 year and over - Different house in the U.S.
HC01_MOE_VC91,Number; Margin of Error; RESIDENCE 1 YEAR AGO - Population 1 year and over - Different house in the U.S.
HC02_EST_VC91,Percent; Estimate; RESIDENCE 1 YEAR AGO - Population 1 year and over - Different house in the U.S.
HC02_MOE_VC91,Percent; Margin of Error; RESIDENCE 1 YEAR AGO - Population 1 year and over - Different house in the U.S.
HC01_EST_VC92,Number; Estimate; RESIDENCE 1 YEAR AGO - Population 1 year and over - Different house in the U.S. - Same county
HC01_MOE_VC92,Number; Margin of Error; RESIDENCE 1 YEAR AGO - Population 1 year and over - Different house in the U.S. - Same county
HC02_EST_VC92,Percent; Estimate; RESIDENCE 1 YEAR AGO - Population 1 year and over - Different house in the U.S. - Same county
HC02_MOE_VC92,Percent; Margin of Error; RESIDENCE 1 YEAR AGO - Population 1 year and over - Different house in the U.S. - Same county
HC01_EST_VC93,Number; Estimate; RESIDENCE 1 YEAR AGO - Population 1 year and over - Different house in the U.S. - Different county
HC01_MOE_VC93,Number; Margin of Error; RESIDENCE 1 YEAR AGO - Population 1 year and over - Different house in the U.S. - Different county
HC02_EST_VC93,Percent; Estimate; RESIDENCE 1 YEAR AGO - Population 1 year and over - Different house in the U.S. - Different county
HC02_MOE_VC93,Percent; Margin of Error; RESIDENCE 1 YEAR AGO - Population 1 year and over - Different house in the U.S. - Different county
HC01_EST_VC94,Number; Estimate; RESIDENCE 1 YEAR AGO - Population 1 year and over - Different house in the U.S. - Different county - Same state
HC01_MOE_VC94,Number; Margin of Error; RESIDENCE 1 YEAR AGO - Population 1 year and over - Different house in the U.S. - Different county - Same state
HC02_EST_VC94,Percent; Estimate; RESIDENCE 1 YEAR AGO - Population 1 year and over - Different house in the U.S. - Different county - Same state
HC02_MOE_VC94,Percent; Margin of Error; RESIDENCE 1 YEAR AGO - Population 1 year and over - Different house in the U.S. - Different county - Same state
HC01_EST_VC95,Number; Estimate; RESIDENCE 1 YEAR AGO - Population 1 year and over - Different house in the U.S. - Different county - Different state
HC01_MOE_VC95,Number; Margin of Error; RESIDENCE 1 YEAR AGO - Population 1 year and over - Different house in the U.S. - Different county - Different state
HC02_EST_VC95,Percent; Estimate; RESIDENCE 1 YEAR AGO - Population 1 year and over - Different house in the U.S. - Different county - Different state
HC02_MOE_VC95,Percent; Margin of Error; RESIDENCE 1 YEAR AGO - Population 1 year and over - Different house in the U.S. - Different county - Different state
HC01_EST_VC96,Number; Estimate; RESIDENCE 1 YEAR AGO - Population 1 year and over - Abroad
HC01_MOE_VC96,Number; Margin of Error; RESIDENCE 1 YEAR AGO - Population 1 year and over - Abroad
HC02_EST_VC96,Percent; Estimate; RESIDENCE 1 YEAR AGO - Population 1 year and over - Abroad
HC02_MOE_VC96,Percent; Margin of Error; RESIDENCE 1 YEAR AGO - Population 1 year and over - Abroad
HC01_EST_VC98,Number; Estimate; PLACE OF BIRTH - Total population
HC01_MOE_VC98,Number; Margin of Error; PLACE OF BIRTH - Total population
HC02_EST_VC98,Percent; Estimate; PLACE OF BIRTH - Total population
HC02_MOE_VC98,Percent; Margin of Error; PLACE OF BIRTH - Total population
HC01_EST_VC99,Number; Estimate; PLACE OF BIRTH - Total population - Native
HC01_MOE_VC99,Number; Margin of Error; PLACE OF BIRTH - Total population - Native
HC02_EST_VC99,Percent; Estimate; PLACE OF BIRTH - Total population - Native
HC02_MOE_VC99,Percent; Margin of Error; PLACE OF BIRTH - Total population - Native
HC01_EST_VC100,Number; Estimate; PLACE OF BIRTH - Total population - Native - Born in United States
HC01_MOE_VC100,Number; Margin of Error; PLACE OF BIRTH - Total population - Native - Born in United States
HC02_EST_VC100,Percent; Estimate; PLACE OF BIRTH - Total population - Native - Born in United States
HC02_MOE_VC100,Percent; Margin of Error; PLACE OF BIRTH - Total population - Native - Born in United States
HC01_EST_VC101,Number; Estimate; PLACE OF BIRTH - Total population - Native - Born in United States - State of residence
HC01_MOE_VC101,Number; Margin of Error; PLACE OF BIRTH - Total population - Native - Born in United States - State of residence
HC02_EST_VC101,Percent; Estimate; PLACE OF BIRTH - Total population - Native - Born in United States - State of residence
HC02_MOE_VC101,Percent; Margin of Error; PLACE OF BIRTH - Total population - Native - Born in United States - State of residence
HC01_EST_VC102,Number; Estimate; PLACE OF BIRTH - Total population - Native - Born in United States - Different state
HC01_MOE_VC102,Number; Margin of Error; PLACE OF BIRTH - Total population - Native - Born in United States - Different state
HC02_EST_VC102,Percent; Estimate; PLACE OF BIRTH - Total population - Native - Born in United States - Different state
HC02_MOE_VC102,Percent; Margin of Error; PLACE OF BIRTH - Total population - Native - Born in United States - Different state
HC01_EST_VC103,"Number; Estimate; PLACE OF BIRTH - Total population - Native - Born in Puerto Rico, U.S. Island areas, or born abroad to American parent(s)"
HC01_MOE_VC103,"Number; Margin of Error; PLACE OF BIRTH - Total population - Native - Born in Puerto Rico, U.S. Island areas, or born abroad to American parent(s)"
HC02_EST_VC103,"Percent; Estimate; PLACE OF BIRTH - Total population - Native - Born in Puerto Rico, U.S. Island areas, or born abroad to American parent(s)"
HC02_MOE_VC103,"Percent; Margin of Error; PLACE OF BIRTH - Total population - Native - Born in Puerto Rico, U.S. Island areas, or born abroad to American parent(s)"
HC01_EST_VC104,Number; Estimate; PLACE OF BIRTH - Total population - Foreign born
HC01_MOE_VC104,Number; Margin of Error; PLACE OF BIRTH - Total population - Foreign born
HC02_EST_VC104,Percent; Estimate; PLACE OF BIRTH - Total population - Foreign born
HC02_MOE_VC104,Percent; Margin of Error; PLACE OF BIRTH - Total population - Foreign born
HC01_EST_VC106,Number; Estimate; U.S. CITIZENSHIP STATUS - Foreign-born population
HC01_MOE_VC106,Number; Margin of Error; U.S. CITIZENSHIP STATUS - Foreign-born population
HC02_EST_VC106,Percent; Estimate; U.S. CITIZENSHIP STATUS - Foreign-born population
HC02_MOE_VC106,Percent; Margin of Error; U.S. CITIZENSHIP STATUS - Foreign-born population
HC01_EST_VC107,Number; Estimate; U.S. CITIZENSHIP STATUS - Foreign-born population - Naturalized U.S. citizen
HC01_MOE_VC107,Number; Margin of Error; U.S. CITIZENSHIP STATUS - Foreign-born population - Naturalized U.S. citizen
HC02_EST_VC107,Percent; Estimate; U.S. CITIZENSHIP STATUS - Foreign-born population - Naturalized U.S. citizen
HC02_MOE_VC107,Percent; Margin of Error; U.S. CITIZENSHIP STATUS - Foreign-born population - Naturalized U.S. citizen
HC01_EST_VC108,Number; Estimate; U.S. CITIZENSHIP STATUS - Foreign-born population - Not a U.S. citizen
HC01_MOE_VC108,Number; Margin of Error; U.S. CITIZENSHIP STATUS - Foreign-born population - Not a U.S. citizen
HC02_EST_VC108,Percent; Estimate; U.S. CITIZENSHIP STATUS - Foreign-born population - Not a U.S. citizen
HC02_MOE_VC108,Percent; Margin of Error; U.S. CITIZENSHIP STATUS - Foreign-born population - Not a U.S. citizen
HC01_EST_VC110,Number; Estimate; YEAR OF ENTRY - Population born outside the United States
HC01_MOE_VC110,Number; Margin of Error; YEAR OF ENTRY - Population born outside the United States
HC02_EST_VC110,Percent; Estimate; YEAR OF ENTRY - Population born outside the United States
HC02_MOE_VC110,Percent; Margin of Error; YEAR OF ENTRY - Population born outside the United States
HC01_EST_VC111,Number; Estimate; YEAR OF ENTRY - Population born outside the United States - Native
HC01_MOE_VC111,Number; Margin of Error; YEAR OF ENTRY - Population born outside the United States - Native
HC02_EST_VC111,Percent; Estimate; YEAR OF ENTRY - Population born outside the United States - Native
HC02_MOE_VC111,Percent; Margin of Error; YEAR OF ENTRY - Population born outside the United States - Native
HC01_EST_VC112,Number; Estimate; YEAR OF ENTRY - Population born outside the United States - Native - Entered 2000 or later
HC01_MOE_VC112,Number; Margin of Error; YEAR OF ENTRY - Population born outside the United States - Native - Entered 2000 or later
HC02_EST_VC112,Percent; Estimate; YEAR OF ENTRY - Population born outside the United States - Native - Entered 2000 or later
HC02_MOE_VC112,Percent; Margin of Error; YEAR OF ENTRY - Population born outside the United States - Native - Entered 2000 or later
HC01_EST_VC113,Number; Estimate; YEAR OF ENTRY - Population born outside the United States - Native - Entered before 2000
HC01_MOE_VC113,Number; Margin of Error; YEAR OF ENTRY - Population born outside the United States - Native - Entered before 2000
HC02_EST_VC113,Percent; Estimate; YEAR OF ENTRY - Population born outside the United States - Native - Entered before 2000
HC02_MOE_VC113,Percent; Margin of Error; YEAR OF ENTRY - Population born outside the United States - Native - Entered before 2000
HC01_EST_VC114,Number; Estimate; YEAR OF ENTRY - Population born outside the United States - Foreign born
HC01_MOE_VC114,Number; Margin of Error; YEAR OF ENTRY - Population born outside the United States - Foreign born
HC02_EST_VC114,Percent; Estimate; YEAR OF ENTRY - Population born outside the United States - Foreign born
HC02_MOE_VC114,Percent; Margin of Error; YEAR OF ENTRY - Population born outside the United States - Foreign born
HC01_EST_VC115,Number; Estimate; YEAR OF ENTRY - Population born outside the United States - Foreign born - Entered 2000 or later
HC01_MOE_VC115,Number; Margin of Error; YEAR OF ENTRY - Population born outside the United States - Foreign born - Entered 2000 or later
HC02_EST_VC115,Percent; Estimate; YEAR OF ENTRY - Population born outside the United States - Foreign born - Entered 2000 or later
HC02_MOE_VC115,Percent; Margin of Error; YEAR OF ENTRY - Population born outside the United States - Foreign born - Entered 2000 or later
HC01_EST_VC116,Number; Estimate; YEAR OF ENTRY - Population born outside the United States - Foreign born - Entered before 2000
HC01_MOE_VC116,Number; Margin of Error; YEAR OF ENTRY - Population born outside the United States - Foreign born - Entered before 2000
HC02_EST_VC116,Percent; Estimate; YEAR OF ENTRY - Population born outside the United States - Foreign born - Entered before 2000
HC02_MOE_VC116,Percent; Margin of Error; YEAR OF ENTRY - Population born outside the United States - Foreign born - Entered before 2000
HC01_EST_VC118,"Number; Estimate; WORLD REGION OF BIRTH OF FOREIGN BORN - Foreign-born population, excluding population born at sea"
HC01_MOE_VC118,"Number; Margin of Error; WORLD REGION OF BIRTH OF FOREIGN BORN - Foreign-born population, excluding population born at sea"
HC02_EST_VC118,"Percent; Estimate; WORLD REGION OF BIRTH OF FOREIGN BORN - Foreign-born population, excluding population born at sea"
HC02_MOE_VC118,"Percent; Margin of Error; WORLD REGION OF BIRTH OF FOREIGN BORN - Foreign-born population, excluding population born at sea"
HC01_EST_VC119,"Number; Estimate; WORLD REGION OF BIRTH OF FOREIGN BORN - Foreign-born population, excluding population born at sea - Europe"
HC01_MOE_VC119,"Number; Margin of Error; WORLD REGION OF BIRTH OF FOREIGN BORN - Foreign-born population, excluding population born at sea - Europe"
HC02_EST_VC119,"Percent; Estimate; WORLD REGION OF BIRTH OF FOREIGN BORN - Foreign-born population, excluding population born at sea - Europe"
HC02_MOE_VC119,"Percent; Margin of Error; WORLD REGION OF BIRTH OF FOREIGN BORN - Foreign-born population, excluding population born at sea - Europe"
HC01_EST_VC120,"Number; Estimate; WORLD REGION OF BIRTH OF FOREIGN BORN - Foreign-born population, excluding population born at sea - Asia"
HC01_MOE_VC120,"Number; Margin of Error; WORLD REGION OF BIRTH OF FOREIGN BORN - Foreign-born population, excluding population born at sea - Asia"
HC02_EST_VC120,"Percent; Estimate; WORLD REGION OF BIRTH OF FOREIGN BORN - Foreign-born population, excluding population born at sea - Asia"
HC02_MOE_VC120,"Percent; Margin of Error; WORLD REGION OF BIRTH OF FOREIGN BORN - Foreign-born population, excluding population born at sea - Asia"
HC01_EST_VC121,"Number; Estimate; WORLD REGION OF BIRTH OF FOREIGN BORN - Foreign-born population, excluding population born at sea - Africa"
HC01_MOE_VC121,"Number; Margin of Error; WORLD REGION OF BIRTH OF FOREIGN BORN - Foreign-born population, excluding population born at sea - Africa"
HC02_EST_VC121,"Percent; Estimate; WORLD REGION OF BIRTH OF FOREIGN BORN - Foreign-born population, excluding population born at sea - Africa"
HC02_MOE_VC121,"Percent; Margin of Error; WORLD REGION OF BIRTH OF FOREIGN BORN - Foreign-born population, excluding population born at sea - Africa"
HC01_EST_VC122,"Number; Estimate; WORLD REGION OF BIRTH OF FOREIGN BORN - Foreign-born population, excluding population born at sea - Oceania"
HC01_MOE_VC122,"Number; Margin of Error; WORLD REGION OF BIRTH OF FOREIGN BORN - Foreign-born population, excluding population born at sea - Oceania"
HC02_EST_VC122,"Percent; Estimate; WORLD REGION OF BIRTH OF FOREIGN BORN - Foreign-born population, excluding population born at sea - Oceania"
HC02_MOE_VC122,"Percent; Margin of Error; WORLD REGION OF BIRTH OF FOREIGN BORN - Foreign-born population, excluding population born at sea - Oceania"
HC01_EST_VC123,"Number; Estimate; WORLD REGION OF BIRTH OF FOREIGN BORN - Foreign-born population, excluding population born at sea - Latin America"
HC01_MOE_VC123,"Number; Margin of Error; WORLD REGION OF BIRTH OF FOREIGN BORN - Foreign-born population, excluding population born at sea - Latin America"
HC02_EST_VC123,"Percent; Estimate; WORLD REGION OF BIRTH OF FOREIGN BORN - Foreign-born population, excluding population born at sea - Latin America"
HC02_MOE_VC123,"Percent; Margin of Error; WORLD REGION OF BIRTH OF FOREIGN BORN - Foreign-born population, excluding population born at sea - Latin America"
HC01_EST_VC124,"Number; Estimate; WORLD REGION OF BIRTH OF FOREIGN BORN - Foreign-born population, excluding population born at sea - Northern America"
HC01_MOE_VC124,"Number; Margin of Error; WORLD REGION OF BIRTH OF FOREIGN BORN - Foreign-born population, excluding population born at sea - Northern America"
HC02_EST_VC124,"Percent; Estimate; WORLD REGION OF BIRTH OF FOREIGN BORN - Foreign-born population, excluding population born at sea - Northern America"
HC02_MOE_VC124,"Percent; Margin of Error; WORLD REGION OF BIRTH OF FOREIGN BORN - Foreign-born population, excluding population born at sea - Northern America"
HC01_EST_VC126,Number; Estimate; LANGUAGE SPOKEN AT HOME - Population 5 years and over
HC01_MOE_VC126,Number; Margin of Error; LANGUAGE SPOKEN AT HOME - Population 5 years and over
HC02_EST_VC126,Percent; Estimate; LANGUAGE SPOKEN AT HOME - Population 5 years and over
HC02_MOE_VC126,Percent; Margin of Error; LANGUAGE SPOKEN AT HOME - Population 5 years and over
HC01_EST_VC127,Number; Estimate; LANGUAGE SPOKEN AT HOME - Population 5 years and over - English only
HC01_MOE_VC127,Number; Margin of Error; LANGUAGE SPOKEN AT HOME - Population 5 years and over - English only
HC02_EST_VC127,Percent; Estimate; LANGUAGE SPOKEN AT HOME - Population 5 years and over - English only
HC02_MOE_VC127,Percent; Margin of Error; LANGUAGE SPOKEN AT HOME - Population 5 years and over - English only
HC01_EST_VC128,Number; Estimate; LANGUAGE SPOKEN AT HOME - Population 5 years and over - Language other than English
HC01_MOE_VC128,Number; Margin of Error; LANGUAGE SPOKEN AT HOME - Population 5 years and over - Language other than English
HC02_EST_VC128,Percent; Estimate; LANGUAGE SPOKEN AT HOME - Population 5 years and over - Language other than English
HC02_MOE_VC128,Percent; Margin of Error; LANGUAGE SPOKEN AT HOME - Population 5 years and over - Language other than English
HC01_EST_VC129,"Number; Estimate; LANGUAGE SPOKEN AT HOME - Population 5 years and over - Language other than English - Speak English less than ""very well"""
HC01_MOE_VC129,"Number; Margin of Error; LANGUAGE SPOKEN AT HOME - Population 5 years and over - Language other than English - Speak English less than ""very well"""
HC02_EST_VC129,"Percent; Estimate; LANGUAGE SPOKEN AT HOME - Population 5 years and over - Language other than English - Speak English less than ""very well"""
HC02_MOE_VC129,"Percent; Margin of Error; LANGUAGE SPOKEN AT HOME - Population 5 years and over - Language other than English - Speak English less than ""very well"""
HC01_EST_VC130,Number; Estimate; LANGUAGE SPOKEN AT HOME - Population 5 years and over - Spanish
HC01_MOE_VC130,Number; Margin of Error; LANGUAGE SPOKEN AT HOME - Population 5 years and over - Spanish
HC02_EST_VC130,Percent; Estimate; LANGUAGE SPOKEN AT HOME - Population 5 years and over - Spanish
HC02_MOE_VC130,Percent; Margin of Error; LANGUAGE SPOKEN AT HOME - Population 5 years and over - Spanish
HC01_EST_VC131,"Number; Estimate; LANGUAGE SPOKEN AT HOME - Population 5 years and over - Spanish - Speak English less than ""very well"""
HC01_MOE_VC131,"Number; Margin of Error; LANGUAGE SPOKEN AT HOME - Population 5 years and over - Spanish - Speak English less than ""very well"""
HC02_EST_VC131,"Percent; Estimate; LANGUAGE SPOKEN AT HOME - Population 5 years and over - Spanish - Speak English less than ""very well"""
HC02_MOE_VC131,"Percent; Margin of Error; LANGUAGE SPOKEN AT HOME - Population 5 years and over - Spanish - Speak English less than ""very well"""
HC01_EST_VC132,Number; Estimate; LANGUAGE SPOKEN AT HOME - Population 5 years and over - Other Indo-European languages
HC01_MOE_VC132,Number; Margin of Error; LANGUAGE SPOKEN AT HOME - Population 5 years and over - Other Indo-European languages
HC02_EST_VC132,Percent; Estimate; LANGUAGE SPOKEN AT HOME - Population 5 years and over - Other Indo-European languages
HC02_MOE_VC132,Percent; Margin of Error; LANGUAGE SPOKEN AT HOME - Population 5 years and over - Other Indo-European languages
HC01_EST_VC133,"Number; Estimate; LANGUAGE SPOKEN AT HOME - Population 5 years and over - Other Indo-European languages - Speak English less than ""very well"""
HC01_MOE_VC133,"Number; Margin of Error; LANGUAGE SPOKEN AT HOME - Population 5 years and over - Other Indo-European languages - Speak English less than ""very well"""
HC02_EST_VC133,"Percent; Estimate; LANGUAGE SPOKEN AT HOME - Population 5 years and over - Other Indo-European languages - Speak English less than ""very well"""
HC02_MOE_VC133,"Percent; Margin of Error; LANGUAGE SPOKEN AT HOME - Population 5 years and over - Other Indo-European languages - Speak English less than ""very well"""
HC01_EST_VC134,Number; Estimate; LANGUAGE SPOKEN AT HOME - Population 5 years and over - Asian and Pacific Islander languages
HC01_MOE_VC134,Number; Margin of Error; LANGUAGE SPOKEN AT HOME - Population 5 years and over - Asian and Pacific Islander languages
HC02_EST_VC134,Percent; Estimate; LANGUAGE SPOKEN AT HOME - Population 5 years and over - Asian and Pacific Islander languages
HC02_MOE_VC134,Percent; Margin of Error; LANGUAGE SPOKEN AT HOME - Population 5 years and over - Asian and Pacific Islander languages
HC01_EST_VC135,"Number; Estimate; LANGUAGE SPOKEN AT HOME - Population 5 years and over - Asian and Pacific Islander languages - Speak English less than ""very well"""
HC01_MOE_VC135,"Number; Margin of Error; LANGUAGE SPOKEN AT HOME - Population 5 years and over - Asian and Pacific Islander languages - Speak English less than ""very well"""
HC02_EST_VC135,"Percent; Estimate; LANGUAGE SPOKEN AT HOME - Population 5 years and over - Asian and Pacific Islander languages - Speak English less than ""very well"""
HC02_MOE_VC135,"Percent; Margin of Error; LANGUAGE SPOKEN AT HOME - Population 5 years and over - Asian and Pacific Islander languages - Speak English less than ""very well"""
HC01_EST_VC136,Number; Estimate; LANGUAGE SPOKEN AT HOME - Population 5 years and over - Other languages
HC01_MOE_VC136,Number; Margin of Error; LANGUAGE SPOKEN AT HOME - Population 5 years and over - Other languages
HC02_EST_VC136,Percent; Estimate; LANGUAGE SPOKEN AT HOME - Population 5 years and over - Other languages
HC02_MOE_VC136,Percent; Margin of Error; LANGUAGE SPOKEN AT HOME - Population 5 years and over - Other languages
HC01_EST_VC137,"Number; Estimate; LANGUAGE SPOKEN AT HOME - Population 5 years and over - Other languages - Speak English less than ""very well"""
HC01_MOE_VC137,"Number; Margin of Error; LANGUAGE SPOKEN AT HOME - Population 5 years and over - Other languages - Speak English less than ""very well"""
HC02_EST_VC137,"Percent; Estimate; LANGUAGE SPOKEN AT HOME - Population 5 years and over - Other languages - Speak English less than ""very well"""
HC02_MOE_VC137,"Percent; Margin of Error; LANGUAGE SPOKEN AT HOME - Population 5 years and over - Other languages - Speak English less than ""very well"""
HC01_EST_VC139,Number; Estimate; ANCESTRY - Total population
HC01_MOE_VC139,Number; Margin of Error; ANCESTRY - Total population
HC02_EST_VC139,Percent; Estimate; ANCESTRY - Total population
HC02_MOE_VC139,Percent; Margin of Error; ANCESTRY - Total population
HC01_EST_VC140,Number; Estimate; ANCESTRY - Total population - American
HC01_MOE_VC140,Number; Margin of Error; ANCESTRY - Total population - American
HC02_EST_VC140,Percent; Estimate; ANCESTRY - Total population - American
HC02_MOE_VC140,Percent; Margin of Error; ANCESTRY - Total population - American
HC01_EST_VC141,Number; Estimate; ANCESTRY - Total population - Arab
HC01_MOE_VC141,Number; Margin of Error; ANCESTRY - Total population - Arab
HC02_EST_VC141,Percent; Estimate; ANCESTRY - Total population - Arab
HC02_MOE_VC141,Percent; Margin of Error; ANCESTRY - Total population - Arab
HC01_EST_VC142,Number; Estimate; ANCESTRY - Total population - Czech
HC01_MOE_VC142,Number; Margin of Error; ANCESTRY - Total population - Czech
HC02_EST_VC142,Percent; Estimate; ANCESTRY - Total population - Czech
HC02_MOE_VC142,Percent; Margin of Error; ANCESTRY - Total population - Czech
HC01_EST_VC143,Number; Estimate; ANCESTRY - Total population - Danish
HC01_MOE_VC143,Number; Margin of Error; ANCESTRY - Total population - Danish
HC02_EST_VC143,Percent; Estimate; ANCESTRY - Total population - Danish
HC02_MOE_VC143,Percent; Margin of Error; ANCESTRY - Total population - Danish
HC01_EST_VC144,Number; Estimate; ANCESTRY - Total population - Dutch
HC01_MOE_VC144,Number; Margin of Error; ANCESTRY - Total population - Dutch
HC02_EST_VC144,Percent; Estimate; ANCESTRY - Total population - Dutch
HC02_MOE_VC144,Percent; Margin of Error; ANCESTRY - Total population - Dutch
HC01_EST_VC145,Number; Estimate; ANCESTRY - Total population - English
HC01_MOE_VC145,Number; Margin of Error; ANCESTRY - Total population - English
HC02_EST_VC145,Percent; Estimate; ANCESTRY - Total population - English
HC02_MOE_VC145,Percent; Margin of Error; ANCESTRY - Total population - English
HC01_EST_VC146,Number; Estimate; ANCESTRY - Total population - French (except Basque)
HC01_MOE_VC146,Number; Margin of Error; ANCESTRY - Total population - French (except Basque)
HC02_EST_VC146,Percent; Estimate; ANCESTRY - Total population - French (except Basque)
HC02_MOE_VC146,Percent; Margin of Error; ANCESTRY - Total population - French (except Basque)
HC01_EST_VC147,Number; Estimate; ANCESTRY - Total population - French Canadian
HC01_MOE_VC147,Number; Margin of Error; ANCESTRY - Total population - French Canadian
HC02_EST_VC147,Percent; Estimate; ANCESTRY - Total population - French Canadian
HC02_MOE_VC147,Percent; Margin of Error; ANCESTRY - Total population - French Canadian
HC01_EST_VC148,Number; Estimate; ANCESTRY - Total population - German
HC01_MOE_VC148,Number; Margin of Error; ANCESTRY - Total population - German
HC02_EST_VC148,Percent; Estimate; ANCESTRY - Total population - German
HC02_MOE_VC148,Percent; Margin of Error; ANCESTRY - Total population - German
HC01_EST_VC149,Number; Estimate; ANCESTRY - Total population - Greek
HC01_MOE_VC149,Number; Margin of Error; ANCESTRY - Total population - Greek
HC02_EST_VC149,Percent; Estimate; ANCESTRY - Total population - Greek
HC02_MOE_VC149,Percent; Margin of Error; ANCESTRY - Total population - Greek
HC01_EST_VC150,Number; Estimate; ANCESTRY - Total population - Hungarian
HC01_MOE_VC150,Number; Margin of Error; ANCESTRY - Total population - Hungarian
HC02_EST_VC150,Percent; Estimate; ANCESTRY - Total population - Hungarian
HC02_MOE_VC150,Percent; Margin of Error; ANCESTRY - Total population - Hungarian
HC01_EST_VC151,Number; Estimate; ANCESTRY - Total population - Irish
HC01_MOE_VC151,Number; Margin of Error; ANCESTRY - Total population - Irish
HC02_EST_VC151,Percent; Estimate; ANCESTRY - Total population - Irish
HC02_MOE_VC151,Percent; Margin of Error; ANCESTRY - Total population - Irish
HC01_EST_VC152,Number; Estimate; ANCESTRY - Total population - Italian
HC01_MOE_VC152,Number; Margin of Error; ANCESTRY - Total population - Italian
HC02_EST_VC152,Percent; Estimate; ANCESTRY - Total population - Italian
HC02_MOE_VC152,Percent; Margin of Error; ANCESTRY - Total population - Italian
HC01_EST_VC153,Number; Estimate; ANCESTRY - Total population - Lithuanian
HC01_MOE_VC153,Number; Margin of Error; ANCESTRY - Total population - Lithuanian
HC02_EST_VC153,Percent; Estimate; ANCESTRY - Total population - Lithuanian
HC02_MOE_VC153,Percent; Margin of Error; ANCESTRY - Total population - Lithuanian
HC01_EST_VC154,Number; Estimate; ANCESTRY - Total population - Norwegian
HC01_MOE_VC154,Number; Margin of Error; ANCESTRY - Total population - Norwegian
HC02_EST_VC154,Percent; Estimate; ANCESTRY - Total population - Norwegian
HC02_MOE_VC154,Percent; Margin of Error; ANCESTRY - Total population - Norwegian
HC01_EST_VC155,Number; Estimate; ANCESTRY - Total population - Polish
HC01_MOE_VC155,Number; Margin of Error; ANCESTRY - Total population - Polish
HC02_EST_VC155,Percent; Estimate; ANCESTRY - Total population - Polish
HC02_MOE_VC155,Percent; Margin of Error; ANCESTRY - Total population - Polish
HC01_EST_VC156,Number; Estimate; ANCESTRY - Total population - Portuguese
HC01_MOE_VC156,Number; Margin of Error; ANCESTRY - Total population - Portuguese
HC02_EST_VC156,Percent; Estimate; ANCESTRY - Total population - Portuguese
HC02_MOE_VC156,Percent; Margin of Error; ANCESTRY - Total population - Portuguese
HC01_EST_VC157,Number; Estimate; ANCESTRY - Total population - Russian
HC01_MOE_VC157,Number; Margin of Error; ANCESTRY - Total population - Russian
HC02_EST_VC157,Percent; Estimate; ANCESTRY - Total population - Russian
HC02_MOE_VC157,Percent; Margin of Error; ANCESTRY - Total population - Russian
HC01_EST_VC158,Number; Estimate; ANCESTRY - Total population - Scotch-Irish
HC01_MOE_VC158,Number; Margin of Error; ANCESTRY - Total population - Scotch-Irish
HC02_EST_VC158,Percent; Estimate; ANCESTRY - Total population - Scotch-Irish
HC02_MOE_VC158,Percent; Margin of Error; ANCESTRY - Total population - Scotch-Irish
HC01_EST_VC159,Number; Estimate; ANCESTRY - Total population - Scottish
HC01_MOE_VC159,Number; Margin of Error; ANCESTRY - Total population - Scottish
HC02_EST_VC159,Percent; Estimate; ANCESTRY - Total population - Scottish
HC02_MOE_VC159,Percent; Margin of Error; ANCESTRY - Total population - Scottish
HC01_EST_VC160,Number; Estimate; ANCESTRY - Total population - Slovak
HC01_MOE_VC160,Number; Margin of Error; ANCESTRY - Total population - Slovak
HC02_EST_VC160,Percent; Estimate; ANCESTRY - Total population - Slovak
HC02_MOE_VC160,Percent; Margin of Error; ANCESTRY - Total population - Slovak
HC01_EST_VC161,Number; Estimate; ANCESTRY - Total population - Subsaharan African
HC01_MOE_VC161,Number; Margin of Error; ANCESTRY - Total population - Subsaharan African
HC02_EST_VC161,Percent; Estimate; ANCESTRY - Total population - Subsaharan African
HC02_MOE_VC161,Percent; Margin of Error; ANCESTRY - Total population - Subsaharan African
HC01_EST_VC162,Number; Estimate; ANCESTRY - Total population - Swedish
HC01_MOE_VC162,Number; Margin of Error; ANCESTRY - Total population - Swedish
HC02_EST_VC162,Percent; Estimate; ANCESTRY - Total population - Swedish
HC02_MOE_VC162,Percent; Margin of Error; ANCESTRY - Total population - Swedish
HC01_EST_VC163,Number; Estimate; ANCESTRY - Total population - Swiss
HC01_MOE_VC163,Number; Margin of Error; ANCESTRY - Total population - Swiss
HC02_EST_VC163,Percent; Estimate; ANCESTRY - Total population - Swiss
HC02_MOE_VC163,Percent; Margin of Error; ANCESTRY - Total population - Swiss
HC01_EST_VC164,Number; Estimate; ANCESTRY - Total population - Ukrainian
HC01_MOE_VC164,Number; Margin of Error; ANCESTRY - Total population - Ukrainian
HC02_EST_VC164,Percent; Estimate; ANCESTRY - Total population - Ukrainian
HC02_MOE_VC164,Percent; Margin of Error; ANCESTRY - Total population - Ukrainian
HC01_EST_VC165,Number; Estimate; ANCESTRY - Total population - Welsh
HC01_MOE_VC165,Number; Margin of Error; ANCESTRY - Total population - Welsh
HC02_EST_VC165,Percent; Estimate; ANCESTRY - Total population - Welsh
HC02_MOE_VC165,Percent; Margin of Error; ANCESTRY - Total population - Welsh
HC01_EST_VC166,Number; Estimate; ANCESTRY - Total population - West Indian (excluding Hispanic origin groups)
HC01_MOE_VC166,Number; Margin of Error; ANCESTRY - Total population - West Indian (excluding Hispanic origin groups)
HC02_EST_VC166,Percent; Estimate; ANCESTRY - Total population - West Indian (excluding Hispanic origin groups)
HC02_MOE_VC166,Percent; Margin of Error; ANCESTRY - Total population - West Indian (excluding Hispanic origin groups)
